task,pv,source,n_repeats,n_folds,auc_unweighted,auc_weighted,brr_var,brr_se
low_vs_high,10,round-2 shap cells (repeat 0),1,5,0.8848358842206535,0.8834878923642255,3.1115399506940174e-05,0.00557811791798454
low_vs_medium,10,round-2 shap cells (repeat 0),1,5,0.7510451844771463,0.7474723372394567,2.4867383415424814e-05,0.004986720707581768
medium_vs_high,10,round-2 shap cells (repeat 0),1,5,0.69989286001418,0.7022543875800079,4.694076696875587e-05,0.0068513332256398005
low_vs_high,1,round-2 shap cells (repeat 0),1,5,0.8845335104513274,0.8814302183755313,3.127128682145791e-05,0.005592073570819496
low_vs_medium,1,round-2 shap cells (repeat 0),1,5,0.749251154167264,0.7442580794401829,2.3174462753835168e-05,0.004813986160536314
medium_vs_high,1,round-2 shap cells (repeat 0),1,5,0.6998501471480008,0.7014411400678991,6.421538779931352e-05,0.008013450430327345
low_vs_high,2,round-2 shap cells (repeat 0),1,5,0.8828809531058671,0.8801765380017212,4.339463187504715e-05,0.00658746019912433
low_vs_medium,2,round-2 shap cells (repeat 0),1,5,0.7549130963925756,0.7500293923200092,2.110905275207155e-05,0.004594458918313619
medium_vs_high,2,round-2 shap cells (repeat 0),1,5,0.6929367030552107,0.6920279100053961,7.137871660179191e-05,0.008448592581122131
low_vs_high,3,round-2 shap cells (repeat 0),1,5,0.8872725773704906,0.8834272128855267,3.7057162700596005e-05,0.0060874594619262975
low_vs_medium,3,round-2 shap cells (repeat 0),1,5,0.7526474671978445,0.7534512498239501,2.9355097834148022e-05,0.0054180344991655435
medium_vs_high,3,round-2 shap cells (repeat 0),1,5,0.7015869595525597,0.6933304088771519,6.244309431261238e-05,0.007902094299147054
low_vs_high,4,round-2 shap cells (repeat 0),1,5,0.8879518947673991,0.8841019439446115,3.389153166138252e-05,0.005821643381501698
low_vs_medium,4,round-2 shap cells (repeat 0),1,5,0.7574788844517079,0.7535247341033776,3.056543374799775e-05,0.00552860142784753
medium_vs_high,4,round-2 shap cells (repeat 0),1,5,0.6985222713965901,0.695416050928447,6.569749548734713e-05,0.008105399156571325
low_vs_high,5,round-2 shap cells (repeat 0),1,5,0.8900150491077353,0.890056777618141,3.556310966558781e-05,0.00596348133774122
low_vs_medium,5,round-2 shap cells (repeat 0),1,5,0.7540259675661092,0.7496528888520761,2.566675356497815e-05,0.005066236627416661
medium_vs_high,5,round-2 shap cells (repeat 0),1,5,0.7005780277861045,0.7097743094042617,0.000112044506436472,0.010585107766880411
low_vs_high,6,round-2 shap cells (repeat 0),1,5,0.8801698809513493,0.8781699226067976,2.663130034768096e-05,0.005160552329710548
low_vs_medium,6,round-2 shap cells (repeat 0),1,5,0.7520980756365755,0.747811133354604,2.1247681419809754e-05,0.004609520736455121
medium_vs_high,6,round-2 shap cells (repeat 0),1,5,0.681187026834018,0.6808421680002005,5.790425848103968e-05,0.007609484771062998
low_vs_high,7,round-2 shap cells (repeat 0),1,5,0.8868133961108198,0.8825498561310227,2.9582127633852583e-05,0.005438945452369658
low_vs_medium,7,round-2 shap cells (repeat 0),1,5,0.7480775991577135,0.7445857530602764,2.3165268573975674e-05,0.0048130311212348995
medium_vs_high,7,round-2 shap cells (repeat 0),1,5,0.6997322863910456,0.6954597561447143,6.710685942969731e-05,0.00819187764982469
low_vs_high,8,round-2 shap cells (repeat 0),1,5,0.8811993477531737,0.8785605953223244,5.10228231683559e-05,0.00714302619121307
low_vs_medium,8,round-2 shap cells (repeat 0),1,5,0.7489273412131959,0.7479881542355908,1.779536135191835e-05,0.00421845485360675
medium_vs_high,8,round-2 shap cells (repeat 0),1,5,0.6940140569720115,0.696381004426475,7.970069561280455e-05,0.008927524607236014
low_vs_high,9,round-2 shap cells (repeat 0),1,5,0.885607366356865,0.8808391002936359,3.473268110235401e-05,0.005893443908476097
low_vs_medium,9,round-2 shap cells (repeat 0),1,5,0.7498373264038528,0.7481816892808972,1.999544766519065e-05,0.004471626959529456
medium_vs_high,9,round-2 shap cells (repeat 0),1,5,0.6979042726702391,0.6926584696119251,5.0704255822530546e-05,0.007120692088732004
