auc,auc_weighted,best_model,boot_var,boot_var_weighted,cell_id,fingerprint,inner_auc,kind,n_external,n_schools_external,n_schools_train,n_train,prevalence_external,prevalence_train,pv,seconds,seed,task
0.9083218264001748,0.9079348958142474,GradientBoosting,4.207522519955052e-05,6.081336142464267e-05,ext|pv=10|task=low_vs_high,6c05774b91,0.8854217833670452,ext,2461,272,1087,15336,0.23242584315318976,0.1979003651538863,10,160.62,419750799,low_vs_high
0.7784720784701835,0.7839510326401813,GradientBoosting,6.35608862921568e-05,9.282398312092792e-05,ext|pv=10|task=low_vs_medium,6c05774b91,0.7511189066116527,ext,4096,270,1087,26751,0.538818359375,0.5401667227393369,10,208.54,765181114,low_vs_medium
0.7220671829303457,0.724057316152365,GradientBoosting,0.00011154469683176807,0.00015082279558332706,ext|pv=10|task=medium_vs_high,6c05774b91,0.6998669966892366,ext,2779,245,1075,17485,0.20582943504857862,0.17357735201601374,10,178.36,1437532337,medium_vs_high
0.9015438940517806,0.8999421064958995,GradientBoosting,4.857882850025679e-05,6.151255266721488e-05,ext|pv=1|task=low_vs_high,6c05774b91,0.884125938089573,ext,2494,270,1084,15237,0.23736968724939855,0.18435387543479687,1,156.17,1365054178,low_vs_high
0.7629190258257178,0.7615232934432411,GradientBoosting,6.168163531658341e-05,0.00011498855321064197,ext|pv=1|task=low_vs_medium,6c05774b91,0.7494613201230821,ext,4076,272,1087,26977,0.5333660451422964,0.539311265151796,1,294.02,1322328356,low_vs_medium
0.7159827289340859,0.7179158348237115,GradientBoosting,0.00011589518528832277,0.00013538186114156283,ext|pv=1|task=medium_vs_high,6c05774b91,0.7000315893748036,ext,2766,246,1074,17358,0.21402747650036152,0.16182739946998503,1,189.03,1134523657,medium_vs_high
0.8930510403415497,0.8910528667067753,GradientBoosting,5.656025960505666e-05,6.864781722128439e-05,ext|pv=2|task=low_vs_high,6c05774b91,0.8826367156273282,ext,2465,269,1084,15139,0.2385395537525355,0.19902239249620185,2,154.95,252995560,low_vs_high
0.7705898698220158,0.7698278615888978,GradientBoosting,7.032784833111639e-05,0.00010486194016904705,ext|pv=2|task=low_vs_medium,6c05774b91,0.7549286902358048,ext,4080,272,1087,26773,0.5399509803921568,0.5470810144548612,2,291.66,1277862375,low_vs_medium
0.7000680889695869,0.7002474442700668,GradientBoosting,0.00013883380708357097,0.00015608428573758045,ext|pv=2|task=medium_vs_high,6c05774b91,0.69272256504213,ext,2791,250,1074,17660,0.2106771766391974,0.17061155152887883,2,199.19,993799037,medium_vs_high
0.8957067462336474,0.8936226289512416,GradientBoosting,5.6374942448526405e-05,6.312734556941173e-05,ext|pv=3|task=low_vs_high,6c05774b91,0.8879739527290867,ext,2511,269,1085,15091,0.2429311031461569,0.19183619375786892,3,167.58,1299585564,low_vs_high
0.7669420749931044,0.7689443530587516,GradientBoosting,7.138119291798397e-05,0.00010192092032798575,ext|pv=3|task=low_vs_medium,6c05774b91,0.7526473055024189,ext,4058,272,1087,26891,0.531542631838344,0.5464653601576736,3,314.26,1962293438,low_vs_medium
0.7103167726882358,0.7075286032762179,GradientBoosting,0.00015159030734034426,0.00016692546719023472,ext|pv=3|task=medium_vs_high,6c05774b91,0.7017484257107756,ext,2767,247,1072,17590,0.2204553668232743,0.16458214894826606,3,183.24,1655732800,medium_vs_high
0.8937774061687106,0.895781698861927,GradientBoosting,4.2790746550909086e-05,5.2889121840545385e-05,ext|pv=4|task=low_vs_high,6c05774b91,0.8887233537949533,ext,2447,269,1087,15244,0.23498161013485902,0.190697979532931,4,160.02,899097473,low_vs_high
0.7653894738259889,0.7678244132290475,GradientBoosting,6.475146988962739e-05,9.30309701499958e-05,ext|pv=4|task=low_vs_medium,6c05774b91,0.7574733909470682,ext,4093,271,1087,26879,0.5426337649645737,0.5410171509356747,4,324.85,1564475112,low_vs_medium
0.6998653172288237,0.7067594076830536,GradientBoosting,0.00014740451729645186,0.00016790492095942417,ext|pv=4|task=medium_vs_high,6c05774b91,0.6994940215606237,ext,2796,249,1075,17449,0.20565092989985695,0.16659980514642672,4,182.5,1059767652,medium_vs_high
0.9060805978688408,0.908511940974462,GradientBoosting,4.977232974603125e-05,5.790517788747243e-05,ext|pv=5|task=low_vs_high,6c05774b91,0.8911487698146215,ext,2486,270,1086,15147,0.23732904263877716,0.18320459496930086,5,155.51,1015263447,low_vs_high
0.7657415679495063,0.7655539609822496,GradientBoosting,5.713272427030039e-05,9.054643353838017e-05,ext|pv=5|task=low_vs_medium,6c05774b91,0.7540678541795863,ext,4078,272,1087,27011,0.5350662089259441,0.541964384880234,5,215.78,1571683790,low_vs_medium
0.7420982926564029,0.7505982137485977,GradientBoosting,0.00011231508640924013,0.00014086092364826497,ext|pv=5|task=medium_vs_high,6c05774b91,0.7005281494279049,ext,2772,248,1073,17414,0.21284271284271283,0.15935454232226945,5,135.54,1081489607,medium_vs_high
0.9043432719221727,0.8974093528489416,GradientBoosting,5.0067317328306264e-05,6.000731643567454e-05,ext|pv=6|task=low_vs_high,6c05774b91,0.8802189026565668,ext,2523,270,1086,15234,0.2342449464922711,0.19029801759222792,6,174.45,1673234203,low_vs_high
0.7725421921074095,0.7666836985014489,GradientBoosting,6.934424340785303e-05,0.00011067470656850716,ext|pv=6|task=low_vs_medium,6c05774b91,0.7521023151036854,ext,4077,272,1087,26887,0.5261221486387049,0.54122810280061,6,299.82,1683941431,low_vs_medium
0.7102394503409732,0.7079657935229585,GradientBoosting,0.00014479721000864587,0.00017319900652880044,ext|pv=6|task=medium_vs_high,6c05774b91,0.684152997875004,ext,2736,247,1072,17451,0.21600877192982457,0.16612228525585926,6,182.19,1864188697,medium_vs_high
0.9025629916011199,0.9044660316289146,GradientBoosting,4.462699151880659e-05,5.6288638529175105e-05,ext|pv=7|task=low_vs_high,6c05774b91,0.8870324814156397,ext,2501,270,1085,15419,0.23070771691323472,0.19664050846358389,7,121.2,1447191142,low_vs_high
0.7601930584164087,0.7666539282080646,GradientBoosting,7.276122194117494e-05,0.00010166782695364059,ext|pv=7|task=low_vs_medium,6c05774b91,0.7489265765655049,ext,4091,272,1087,26754,0.5296993400146663,0.5370038125140166,7,298.86,420685215,low_vs_medium
0.7123646088843285,0.7152237809386837,GradientBoosting,0.00014155445547332784,0.00017804606745672308,ext|pv=7|task=medium_vs_high,6c05774b91,0.7007177894490877,ext,2744,247,1075,17399,0.21027696793002915,0.17426288867176273,7,188.23,658311752,medium_vs_high
0.9041181255017723,0.9042303082854417,GradientBoosting,4.4226444815618556e-05,5.2755776241424524e-05,ext|pv=8|task=low_vs_high,6c05774b91,0.8819628046902028,ext,2493,270,1086,15047,0.24227837946249497,0.18641589685651624,8,118.37,1674358337,low_vs_high
0.7654946057939795,0.7718130029789774,GradientBoosting,5.949510616245197e-05,0.0001012886203785108,ext|pv=8|task=low_vs_medium,6c05774b91,0.7499417969348661,ext,4064,271,1087,26981,0.5351870078740157,0.5462733034357511,8,299.36,1034132201,low_vs_medium
0.7170457486488544,0.7162096393887953,GradientBoosting,0.0001193536169519246,0.00014422715090552386,ext|pv=8|task=medium_vs_high,6c05774b91,0.6950763377598663,ext,2779,246,1077,17544,0.21734436847786973,0.15988372093023256,8,180.46,707423409,medium_vs_high
0.899890643878262,0.9011416181368956,GradientBoosting,5.8413805642985746e-05,8.459585794921892e-05,ext|pv=9|task=low_vs_high,6c05774b91,0.8863657603696353,ext,2521,271,1087,15146,0.23244744149147165,0.17516175888023242,9,158.2,1088054886,low_vs_high
0.7693985598557689,0.7729592449249352,GradientBoosting,6.49999390279703e-05,8.777937832650448e-05,ext|pv=9|task=low_vs_medium,6c05774b91,0.7499782715069989,ext,4082,271,1087,27133,0.525967662910338,0.5395643681126304,9,300.99,403999780,low_vs_medium
0.7086902750245997,0.7164653441291986,GradientBoosting,0.00013891587843252974,0.00016888749019854077,ext|pv=9|task=medium_vs_high,6c05774b91,0.6980573553212885,ext,2733,247,1074,17293,0.21441639224295647,0.1534146764586827,9,177.71,634741602,medium_vs_high
