instance,n_distinct_features,n_features_named_by_all,rho_union_mean,rho_shared_mean,task,pv,fold,quantile
0,31,10,0.8713811902459985,0.9640825649446338,low_vs_high,1,0,0.05
1,34,7,0.7492623900815548,0.9175160471712196,low_vs_high,1,0,0.25
2,34,9,0.788136570012866,0.8885498792395344,low_vs_high,1,0,0.5
3,31,8,0.8066645182081856,0.8653307611928301,low_vs_high,1,0,0.75
4,34,9,0.8038112858464385,0.8833889482165346,low_vs_high,1,0,0.95
5,34,9,0.7954197369400405,0.804615193235883,low_vs_high,1,0,0.99
0,28,8,0.8223428711176326,0.8224635517738967,low_vs_medium,1,0,0.05
1,28,8,0.8408412814869162,0.8147607182089941,low_vs_medium,1,0,0.25
2,29,7,0.8437157842715257,0.8047183659252625,low_vs_medium,1,0,0.5
3,30,5,0.7706220333289518,0.7440936075418835,low_vs_medium,1,0,0.75
4,28,7,0.8018390804597703,0.7487173745794437,low_vs_medium,1,0,0.95
5,31,5,0.7687447631324524,0.7457804264700817,low_vs_medium,1,0,0.99
0,33,7,0.8031851571721614,0.9018563428908258,medium_vs_high,1,0,0.05
1,29,7,0.8366260143160041,0.88626637730086,medium_vs_high,1,0,0.25
2,31,6,0.7996656461488882,0.8182342561652907,medium_vs_high,1,0,0.5
3,32,7,0.8502457391993657,0.8352640845744294,medium_vs_high,1,0,0.75
4,31,7,0.8455940487700074,0.8438167388167389,medium_vs_high,1,0,0.95
5,31,6,0.8246637662477173,0.8530734016940916,medium_vs_high,1,0,0.99
0,31,7,0.8072572241916425,0.9276524433420985,low_vs_high,1,1,0.05
1,30,5,0.761888153763017,0.872939053283881,low_vs_high,1,1,0.25
2,29,6,0.805333907248872,0.86747612540716,low_vs_high,1,1,0.5
3,33,5,0.7641860625021486,0.8256535801363388,low_vs_high,1,1,0.75
4,32,6,0.7273156956004755,0.7456840477530133,low_vs_high,1,1,0.95
5,31,7,0.7962512085078957,0.8502801604525744,low_vs_high,1,1,0.99
0,27,8,0.8797862607157959,0.8801973696801283,low_vs_medium,1,1,0.05
1,25,8,0.8276305789610329,0.7140246152315118,low_vs_medium,1,1,0.25
2,29,6,0.7940647568032904,0.7985042926422239,low_vs_medium,1,1,0.5
3,25,8,0.8066303193372513,0.7074867086936054,low_vs_medium,1,1,0.75
4,28,5,0.7527708486182442,0.6878554395795776,low_vs_medium,1,1,0.95
5,28,6,0.7554791601159907,0.6187858501651605,low_vs_medium,1,1,0.99
0,38,7,0.6558024571691666,0.8712579757407344,medium_vs_high,1,1,0.05
1,38,6,0.7048586037269489,0.8624944021495745,medium_vs_high,1,1,0.25
2,37,7,0.7124198290952048,0.8038505172987932,medium_vs_high,1,1,0.5
3,37,6,0.6313062748445731,0.7457701685287893,medium_vs_high,1,1,0.75
4,39,5,0.6315922118096625,0.7384457687905963,medium_vs_high,1,1,0.95
5,37,4,0.6355857929999741,0.7369661755868652,medium_vs_high,1,1,0.99
0,30,8,0.832433364004148,0.8811050061050061,low_vs_high,1,2,0.05
1,34,7,0.7996040277733473,0.8581246148487529,low_vs_high,1,2,0.25
2,34,8,0.8511050857549948,0.9228856201269995,low_vs_high,1,2,0.5
3,34,8,0.8016897934011717,0.8442607201227893,low_vs_high,1,2,0.75
4,35,6,0.7229287593724654,0.7467470077814906,low_vs_high,1,2,0.95
5,35,6,0.7341589016163177,0.8219830361209672,low_vs_high,1,2,0.99
0,26,9,0.8448254615760511,0.9340046160735818,low_vs_medium,1,2,0.05
1,28,8,0.8278768822275793,0.9338912811326605,low_vs_medium,1,2,0.25
2,26,8,0.8703193320160624,0.9476001393242773,low_vs_medium,1,2,0.5
3,30,8,0.8222237801048651,0.9417159851642611,low_vs_medium,1,2,0.75
4,30,7,0.7822080065431072,0.8721042941732599,low_vs_medium,1,2,0.95
5,30,7,0.766191415092962,0.8846363215328733,low_vs_medium,1,2,0.99
0,34,5,0.7056952374876391,0.9146229249677525,medium_vs_high,1,2,0.05
1,35,6,0.7198326310166776,0.9141972586800173,medium_vs_high,1,2,0.25
2,35,3,0.5517575721605635,0.7431975687148101,medium_vs_high,1,2,0.5
3,36,4,0.62196786037158,0.7716574613126338,medium_vs_high,1,2,0.75
4,36,5,0.6419276397114445,0.8131523648765029,medium_vs_high,1,2,0.95
5,37,5,0.6584135689094686,0.8614801290663361,medium_vs_high,1,2,0.99
0,32,6,0.7793380895759016,0.8699265485472383,low_vs_high,1,3,0.05
1,33,7,0.7353404155350041,0.8612529998736895,low_vs_high,1,3,0.25
2,32,6,0.7414734443123264,0.885635513911376,low_vs_high,1,3,0.5
3,33,7,0.7449958171462622,0.8034510317268938,low_vs_high,1,3,0.75
4,31,8,0.7834160489848534,0.8367988333505576,low_vs_high,1,3,0.95
5,32,7,0.7401129607609988,0.7735418604384122,low_vs_high,1,3,0.99
0,29,6,0.7452526025475472,0.8314521493831839,low_vs_medium,1,3,0.05
1,30,5,0.7107350771882166,0.8180475080475081,low_vs_medium,1,3,0.25
2,29,4,0.703524160249972,0.8235334780162368,low_vs_medium,1,3,0.5
3,28,5,0.6683799741466654,0.6748925404097819,low_vs_medium,1,3,0.75
4,27,6,0.7008607234844116,0.712615545374166,low_vs_medium,1,3,0.95
5,28,5,0.6561226985291548,0.6899866034348793,low_vs_medium,1,3,0.99
0,30,8,0.8478120025120858,0.9551789589720625,medium_vs_high,1,3,0.05
1,31,7,0.7738986464711568,0.9141396725879484,medium_vs_high,1,3,0.25
2,31,6,0.7939373187238157,0.9090412652481619,medium_vs_high,1,3,0.5
3,31,7,0.7725088623912343,0.8892008757526,medium_vs_high,1,3,0.75
4,30,9,0.8213661657100296,0.8770465549775895,medium_vs_high,1,3,0.95
5,34,6,0.738662583601816,0.8893656152276843,medium_vs_high,1,3,0.99
0,31,9,0.832696315393705,0.9494577453198144,low_vs_high,1,4,0.05
1,31,6,0.7121183800623053,0.8952930977068908,low_vs_high,1,4,0.25
2,33,6,0.7567146835355999,0.9122130360061395,low_vs_high,1,4,0.5
3,34,6,0.6934928280540581,0.8261326795809555,low_vs_high,1,4,0.75
4,32,6,0.738170828378914,0.8460713998645034,low_vs_high,1,4,0.95
5,32,8,0.7795927467300832,0.9033261757399689,low_vs_high,1,4,0.99
0,25,8,0.8739663433170477,0.9048154144705869,low_vs_medium,1,4,0.05
1,27,6,0.814808365048245,0.8308893596824632,low_vs_medium,1,4,0.25
2,27,7,0.810878791373544,0.8383394383394384,low_vs_medium,1,4,0.5
3,30,7,0.8098058975594795,0.7791094154887259,low_vs_medium,1,4,0.75
4,30,6,0.7835633644423025,0.7285387600904842,low_vs_medium,1,4,0.95
5,33,7,0.7635887739081605,0.6926050577774717,low_vs_medium,1,4,0.99
0,29,7,0.8449359924753295,0.9303129820371201,medium_vs_high,1,4,0.05
1,30,7,0.7961401510172488,0.9275266113197148,medium_vs_high,1,4,0.25
2,30,7,0.8605289985248801,0.9311988394747017,medium_vs_high,1,4,0.5
3,30,6,0.8310125750339572,0.9023952484297313,medium_vs_high,1,4,0.75
4,32,6,0.7843133174791914,0.9090732639008501,medium_vs_high,1,4,0.95
5,30,7,0.8160066599482979,0.8636378946723776,medium_vs_high,1,4,0.99
