task,pv,cells,complete
low_vs_high,1.0,224,False
low_vs_high,2.0,223,False
low_vs_high,3.0,223,False
low_vs_high,4.0,171,False
low_vs_high,5.0,135,False
low_vs_high,6.0,135,False
low_vs_high,7.0,135,False
low_vs_high,8.0,135,False
low_vs_high,9.0,135,False
low_vs_high,10.0,135,False
low_vs_medium,1.0,223,False
low_vs_medium,2.0,223,False
low_vs_medium,3.0,224,False
low_vs_medium,4.0,169,False
low_vs_medium,5.0,135,False
low_vs_medium,6.0,135,False
low_vs_medium,7.0,135,False
low_vs_medium,8.0,135,False
low_vs_medium,9.0,135,False
low_vs_medium,10.0,135,False
medium_vs_high,1.0,220,False
medium_vs_high,2.0,220,False
medium_vs_high,3.0,220,False
medium_vs_high,4.0,157,False
medium_vs_high,5.0,130,False
medium_vs_high,6.0,130,False
medium_vs_high,7.0,130,False
medium_vs_high,8.0,130,False
medium_vs_high,9.0,130,False
medium_vs_high,10.0,130,False
