task,feature,mean_abs_shap,sd_between_pv,sd_between_units,rank_median,rank_q25,rank_q75,share_top5,mean_signed_shap,rank
low_vs_high,ST166Q03HA,0.5690880664800048,0.02851553833602901,0.033261310461870454,1.0,1.0,2.0,1.0,0.12319172398944449,1
low_vs_high,ST013Q01TA,0.558833371369502,0.032552419852229286,0.03825250176833411,2.0,1.0,2.0,1.0,0.06832335538888604,2
low_vs_high,ST004D01T,0.37366750022673134,0.026391837383114604,0.03065049567926085,3.0,3.0,4.0,1.0,-0.028859076614462093,3
low_vs_high,ST166Q02HA,0.3533364554166332,0.03131696699078494,0.03472199546462806,4.0,3.0,4.0,1.0,-0.027633473217090566,4
low_vs_high,ST166Q05HA,0.29728820582869697,0.029215181611327797,0.034494453056665014,5.0,5.0,5.0,0.9428571428571428,-0.03836337171887305,5
low_vs_high,ST012Q01TA,0.1955598087772287,0.04836335875006545,0.04789660367448242,6.0,6.0,7.0,0.05714285714285714,-0.015969275654150284,6
low_vs_high,ST012Q08NA,0.17251187385132458,0.039447432410336644,0.03874650511355087,7.0,7.0,8.0,0.0,0.03948829020238171,7
low_vs_high,ST012Q06NA,0.16213503883662256,0.037395064530332534,0.03983689994056768,8.0,6.5,9.0,0.0,0.031231982710357993,8
low_vs_high,ST012Q03TA,0.1459167807462974,0.032644115034902145,0.0332184985142821,8.0,7.0,10.0,0.0,-0.008912088316180544,9
low_vs_high,ST166Q04HA,0.12760633032079435,0.023583066586665893,0.02490751456989172,9.0,9.0,11.0,0.0,0.017155281475588084,10
low_vs_high,ST011Q09TA,0.11155426707207024,0.02160586743674814,0.027909600031662696,11.0,10.0,12.0,0.0,-0.009012019461576664,11
low_vs_high,ST012Q02TA,0.08675026844776376,0.01664994769202458,0.02349618928583796,13.0,12.0,15.0,0.0,-0.0645523440871443,12
low_vs_high,ST019AQ01T,0.08075167122082774,0.014065125453663068,0.021261183008758698,14.0,12.0,15.0,0.0,0.00047619639002548784,13
low_vs_high,ST011Q16NA,0.07411925774274399,0.028501492674667568,0.03404361104680621,14.0,12.0,16.5,0.0,-0.0010920991424750285,14
low_vs_high,ST166Q01HA,0.06666426458215242,0.015958412850733874,0.017668660006443414,16.0,14.0,18.5,0.0,-0.029563004441048184,15
low_vs_high,ST011Q04TA,0.0665593045328941,0.01824291011284414,0.02611422987173384,16.0,14.0,21.0,0.0,0.002949506186391527,16
low_vs_high,missingindicator_ST019BQ01T,0.047480380935573975,0.024571070672656504,0.02779704054655819,20.0,18.0,23.5,0.0,0.02541505165969136,17
low_vs_high,ST012Q09NA,0.046424794789090375,0.012148936028821378,0.016345476618307597,20.0,18.0,22.0,0.0,0.025179288874570917,18
low_vs_high,missingindicator_ST019CQ01T,0.04600316547928976,0.014306797747069368,0.02004435839083505,19.0,17.0,23.0,0.0,0.02035192237106509,19
low_vs_high,ST012Q07NA,0.043470005515804315,0.016428033459278703,0.02173521035166403,20.0,18.0,23.5,0.0,0.00864503989496703,20
low_vs_high,ST019CQ01T,0.04173510882711144,0.01704199170616421,0.020712431603828692,23.0,17.0,26.0,0.0,-0.00012238492717676563,21
low_vs_high,missingindicator_ST166Q04HA,0.041474041037685365,0.014063805590473951,0.02067734417415657,23.0,17.0,25.0,0.0,0.015195007457904957,22
low_vs_high,missingindicator_ST019AQ01T,0.03734029372124179,0.01396977412149801,0.019641622364039987,23.0,19.0,27.0,0.0,0.01956799895446379,23
low_vs_high,missingindicator_ST166Q03HA,0.029541463124204005,0.011213839746826531,0.015688828875149757,26.0,21.0,30.0,0.0,0.009823147269178595,24
low_vs_high,ST011Q10TA,0.027428486561855352,0.02097563402583791,0.023307921839659938,27.0,22.0,35.0,0.0,0.006585776721375131,25
low_vs_high,missingindicator_ST166Q05HA,0.024960903194194785,0.023279642365009654,0.024336536325623218,33.0,21.0,44.5,0.0,0.010693200227149046,26
low_vs_high,missingindicator_ST012Q02TA,0.024515220594538006,0.0037368555151749924,0.009553627436392464,27.0,24.0,31.0,0.0,0.006335346300315989,27
low_vs_high,ST011Q08TA,0.018452332028110034,0.013278924309453285,0.017233995612519374,32.0,26.0,45.0,0.0,-0.0043337091559500366,28
low_vs_high,missingindicator_ST012Q03TA,0.01726549910064061,0.009237488752094061,0.012489484547677336,32.0,28.0,38.5,0.0,0.0049705521260741325,29
low_vs_high,ST011Q07TA,0.01726256933133636,0.019412792894106218,0.01993182420603004,38.0,28.0,44.0,0.0,0.00038638188698111083,30
low_vs_high,ST011Q11TA,0.017205153999399165,0.010017163590302702,0.013220910019643674,32.0,28.5,36.5,0.0,-0.0003765977177422253,31
low_vs_high,ST019BQ01T,0.014594848767323195,0.018638619143480344,0.022194484891141522,45.0,30.0,52.75,0.0,6.481720624973902e-05,32
low_vs_high,missingindicator_ST166Q02HA,0.014553881906843454,0.014582900757231817,0.01579704988589754,38.0,27.5,50.0,0.0,0.005201664543945549,33
low_vs_high,missingindicator_ST011Q08TA,0.014239708176571244,0.004866029010986144,0.017172905406858206,37.0,31.0,43.5,0.0,0.007210508070265244,34
low_vs_high,ST011Q03TA,0.013363528924661689,0.0064790927653391745,0.00959322564771224,34.0,29.5,40.5,0.0,-0.0018693073411177052,35
low_vs_high,missingindicator_ST011Q09TA,0.012252489170650471,0.006699024925169847,0.010054926262518034,38.0,29.5,50.5,0.0,0.009682023239202343,36
low_vs_high,missingindicator_ST011Q11TA,0.01092845772035666,0.005689971584902119,0.011042917423767012,40.0,34.0,48.0,0.0,-0.0014569491674547386,37
low_vs_high,ST011Q05TA,0.009898988764241544,0.009590682745136837,0.01074193955076302,42.0,36.5,46.5,0.0,-0.0021333152661903864,38
low_vs_high,missingindicator_ST011Q05TA,0.009216715007743207,0.009581887512819265,0.0119836273376964,43.0,34.0,52.5,0.0,0.00514305450704566,39
low_vs_high,missingindicator_ST011Q12TA,0.009112164183996501,0.005408460737361457,0.009065254284897737,40.0,33.5,51.75,0.0,0.006223647908612375,40
low_vs_high,ST011Q12TA,0.008982762834409028,0.008267397053880242,0.010205810682421875,41.0,34.0,52.0,0.0,0.001811791235685417,41
low_vs_high,ST011Q02TA,0.008579805684794738,0.007276396719299975,0.009387545695986701,43.0,35.0,50.75,0.0,-0.0014880653371643407,42
low_vs_high,missingindicator_ST012Q09NA,0.008487502040076464,0.005877026740503826,0.009799315958579994,42.0,35.0,52.5,0.0,0.004480679668353059,43
low_vs_high,missingindicator_ST011Q10TA,0.008289235170355189,0.005953129110828191,0.010077816301568952,43.0,34.0,50.5,0.0,-0.006482082653792707,44
low_vs_high,ST012Q05NA,0.008207855207463203,0.007835322528794002,0.009828999567348472,49.0,33.0,52.5,0.0,-2.4753494872020365e-05,45
low_vs_high,missingindicator_ST011Q07TA,0.007876394000790612,0.002684755136211608,0.00692318081992193,41.0,36.0,49.0,0.0,-0.0013753508851393806,46
low_vs_high,missingindicator_ST011Q02TA,0.006970203929837394,0.0036719387602537163,0.006619043006421072,44.0,35.5,52.0,0.0,0.00155209069737918,47
low_vs_high,missingindicator_ST012Q01TA,0.006795066070986432,0.012020152107280059,0.0130044889522708,52.5,41.0,54.0,0.0,-0.0048866006128024785,48
low_vs_high,missingindicator_ST012Q07NA,0.00654341068424663,0.004207484279661752,0.006808606050773647,44.0,38.5,50.5,0.0,0.0018388282977538591,49
low_vs_high,missingindicator_ST012Q05NA,0.006335035831355778,0.0026603807543317403,0.007665560771563638,48.0,38.5,52.0,0.0,0.0038649415897558342,50
low_vs_high,missingindicator_ST011Q06TA,0.006002758724851829,0.004854249340773225,0.006999710880201009,49.0,36.0,52.75,0.0,-0.001097130894189573,51
low_vs_high,missingindicator_ST012Q08NA,0.005820774816118126,0.004630326780773313,0.009401606723576176,52.0,40.5,54.0,0.0,0.0032504666792114484,52
low_vs_high,missingindicator_ST011Q03TA,0.00560951572783436,0.005324946403389729,0.010561193125537842,52.0,42.5,53.75,0.0,0.002988226386344737,53
low_vs_high,missingindicator_ST011Q16NA,0.005429976430900556,0.007302403938806844,0.011990128889316524,52.0,45.0,54.0,0.0,0.0035899691605187777,54
low_vs_high,ST011Q01TA,0.00495092868908099,0.006949000861898073,0.007840552039408555,52.0,43.0,53.75,0.0,-0.0008207938779177744,55
low_vs_high,missingindicator_ST013Q01TA,0.004947488856141881,0.0028903621700668925,0.004963596048520589,47.0,40.0,52.5,0.0,-0.001385469770011113,56
low_vs_high,missingindicator_ST012Q06NA,0.003706684716972394,0.0021556664926566794,0.004981024750893492,52.0,43.0,54.0,0.0,-0.0016097867587187445,57
low_vs_high,ST011Q06TA,0.003123867494364666,0.004059148277542634,0.00471719615156031,52.5,47.0,54.0,0.0,0.0005449642569270389,58
low_vs_high,missingindicator_ST011Q04TA,0.0016968628899574755,0.0011430426840486675,0.0026454802632428207,53.0,51.5,58.5,0.0,-0.0008808666074672401,59
low_vs_high,missingindicator_ST011Q01TA,0.0014890559346824237,0.0010569843846842608,0.001869870268239117,53.5,51.25,57.0,0.0,-3.264028745816603e-05,60
low_vs_high,missingindicator_ST166Q01HA,0.0006625105520582576,0.0008739320369298352,0.0015722673826456255,55.0,52.5,59.75,0.0,-0.00020760663937856194,61
low_vs_medium,ST166Q03HA,0.35237871194531806,0.01576486038778055,0.019297205401851182,1.0,1.0,2.0,1.0,0.07927316180997837,1
low_vs_medium,ST013Q01TA,0.3440147748095379,0.01509826802356612,0.01784974222483804,2.0,1.0,2.0,1.0,0.011457953317096873,2
low_vs_medium,ST166Q02HA,0.22292872359927834,0.015053800966120651,0.016398069800579982,3.0,3.0,3.0,1.0,-0.022188020678606108,3
low_vs_medium,ST004D01T,0.17195625953614507,0.01213981820959303,0.016578962864052495,5.0,4.0,5.0,1.0,-0.026084371109360543,4
low_vs_medium,ST166Q05HA,0.1700128984450425,0.014899396460320461,0.017796808928508195,4.0,4.0,5.0,1.0,-0.022321902734911688,5
low_vs_medium,ST012Q08NA,0.09866992819874741,0.01997197792142278,0.020790027425048326,7.0,6.0,8.0,0.0,0.01747182667055003,6
low_vs_medium,ST012Q01TA,0.09223675271456984,0.01513070731804891,0.01669851977872678,7.0,6.0,9.0,0.0,-0.006675345993229065,7
low_vs_medium,ST012Q06NA,0.08975372583927863,0.014588258573063352,0.01613364758089339,8.0,7.0,9.0,0.0,0.008157541040264263,8
low_vs_medium,ST012Q03TA,0.08359795907476315,0.012762620096408871,0.013098957675282364,8.0,7.5,10.0,0.0,-0.00443157041013598,9
low_vs_medium,ST166Q04HA,0.071993320531471,0.007879150774236454,0.012047023446023744,10.0,10.0,12.0,0.0,0.010083431615599391,10
low_vs_medium,ST011Q16NA,0.06131479959892656,0.00843632074375909,0.011944700874855883,12.0,11.0,13.5,0.0,-0.003014875868869846,11
low_vs_medium,ST011Q09TA,0.06105089661309264,0.0067411610957641,0.011393835364495961,12.0,11.0,13.5,0.0,-0.0064102595874723466,12
low_vs_medium,ST012Q02TA,0.055713219426189065,0.013068062444762696,0.014098246019328558,13.0,11.0,15.0,0.0,-0.04194933733275362,13
low_vs_medium,ST019AQ01T,0.04853360469841302,0.013991709874236796,0.016049573884549393,15.0,13.5,17.0,0.0,0.004922332373914817,14
low_vs_medium,ST166Q01HA,0.04828544592971451,0.012142806357328523,0.014121014255363155,15.0,13.5,16.0,0.0,-0.03328114845581305,15
low_vs_medium,ST012Q07NA,0.042514253331961835,0.020283319810513817,0.020402325362948445,16.0,14.0,20.0,0.0,-0.002012542256405133,16
low_vs_medium,missingindicator_ST019AQ01T,0.032229666072770266,0.005669222014685663,0.01321853748570288,21.0,17.0,22.0,0.0,0.018482842228454144,17
low_vs_medium,ST011Q04TA,0.03165637830236494,0.008648630617839957,0.009620314222655977,20.0,17.0,22.0,0.0,0.0006145167276577068,18
low_vs_medium,missingindicator_ST019CQ01T,0.028951924635717274,0.008894177533043638,0.01262723967378836,20.0,17.5,25.5,0.0,0.01471743364284694,19
low_vs_medium,missingindicator_ST012Q02TA,0.02590425155131049,0.0026245978834295134,0.008629529365684426,23.0,20.0,25.0,0.0,0.008843231399360763,20
low_vs_medium,missingindicator_ST019BQ01T,0.025892724739418203,0.009505913763029785,0.01141130493086525,22.0,19.0,27.0,0.0,0.013795141258218404,21
low_vs_medium,missingindicator_ST166Q03HA,0.024699786900370217,0.009906548818482486,0.012440866589206503,25.0,18.0,29.5,0.0,0.009044696425415557,22
low_vs_medium,ST019CQ01T,0.02438596848079392,0.0061284696859864995,0.010077789915361764,24.0,19.0,26.0,0.0,-0.0002724723913078178,23
low_vs_medium,ST012Q09NA,0.024111772757439382,0.0077402057249908295,0.008891683120878133,23.0,19.0,28.0,0.0,0.00926991537965053,24
low_vs_medium,ST019BQ01T,0.02166885298799502,0.010721863625959067,0.0118759091103566,26.0,21.0,30.5,0.0,-0.0005515165153590855,25
low_vs_medium,missingindicator_ST166Q02HA,0.01809392879408096,0.005839682807539923,0.008015145062402487,27.0,23.0,32.0,0.0,0.006598834588009532,26
low_vs_medium,missingindicator_ST166Q04HA,0.01710539269935137,0.006090268841179263,0.008731384509751751,31.0,23.0,37.0,0.0,0.0065059154303733595,27
low_vs_medium,missingindicator_ST166Q05HA,0.016955499193578066,0.007156194909731643,0.009260522098837178,31.0,24.5,36.0,0.0,0.004539130300593094,28
low_vs_medium,ST011Q10TA,0.01676087624041641,0.007184026112888289,0.008722375446774181,30.0,23.5,39.0,0.0,0.004497626699993428,29
low_vs_medium,missingindicator_ST011Q07TA,0.01320596221893629,0.007571134891601973,0.009290964857517238,35.0,29.0,41.0,0.0,0.010741936808359507,30
low_vs_medium,ST011Q03TA,0.012586405411974933,0.007673041285736284,0.008536673807113041,35.0,31.0,41.0,0.0,-8.301519435111092e-05,31
low_vs_medium,missingindicator_ST011Q16NA,0.01177373855641615,0.005910777035908442,0.007524233942218147,37.0,27.5,44.5,0.0,0.008961427202249244,32
low_vs_medium,ST011Q07TA,0.011672647028272466,0.007832868625079776,0.008287589352787606,36.0,29.5,43.5,0.0,0.0005142029207083461,33
low_vs_medium,ST011Q11TA,0.011510603477133145,0.005119289583926285,0.0075531835613561246,38.0,31.0,45.5,0.0,0.0010196358266377917,34
low_vs_medium,missingindicator_ST011Q09TA,0.011176458104230196,0.00558911467845081,0.007418789154902536,36.0,27.0,43.5,0.0,0.0093936250718563,35
low_vs_medium,missingindicator_ST012Q03TA,0.010937673815801583,0.005136254602616243,0.0061941764018850175,35.0,30.5,43.0,0.0,0.004523026765052174,36
low_vs_medium,ST011Q05TA,0.010743385648084445,0.006452458672661049,0.008622500375234184,40.0,29.0,50.0,0.0,-0.0026320439198336608,37
low_vs_medium,ST012Q05NA,0.010574741563568857,0.0038304292856618186,0.005491912708766507,39.0,30.0,44.0,0.0,0.003558319456837142,38
low_vs_medium,ST011Q08TA,0.010007946691196062,0.0021198998271566637,0.00490366686511008,39.0,31.5,42.5,0.0,-0.0002707292864702474,39
low_vs_medium,missingindicator_ST011Q05TA,0.009929181417077021,0.005615667703991091,0.007974015235178619,38.0,31.0,52.5,0.0,0.007441220320262024,40
low_vs_medium,missingindicator_ST011Q12TA,0.008757195638278897,0.0024322631525082843,0.004929085267567069,40.0,34.0,47.5,0.0,0.006126883557068089,41
low_vs_medium,missingindicator_ST012Q09NA,0.008666175188585371,0.003929481010850727,0.006965731306179453,43.0,35.0,47.0,0.0,0.0064940004334299375,42
low_vs_medium,ST011Q12TA,0.007652243984040038,0.005057006299214651,0.006003444183100361,45.0,33.5,51.5,0.0,0.0021557776313661427,43
low_vs_medium,missingindicator_ST013Q01TA,0.007410756186692446,0.003044624458362746,0.005281903835866417,43.0,37.5,49.5,0.0,0.005346005470360457,44
low_vs_medium,missingindicator_ST011Q11TA,0.007377968224518621,0.0031745649104359254,0.0056014092124664,44.0,36.5,51.5,0.0,-0.002441117066399146,45
low_vs_medium,ST011Q06TA,0.006479214041899917,0.004622399156339968,0.005353718915816515,45.0,40.0,56.0,0.0,0.002099647673144068,46
low_vs_medium,missingindicator_ST011Q08TA,0.006281261421625344,0.0033655202961334597,0.004998155371635262,45.0,36.5,52.5,0.0,0.002701818411675853,47
low_vs_medium,missingindicator_ST011Q10TA,0.006225242982598572,0.0050306972716058695,0.007642795831712614,51.0,35.5,56.0,0.0,-0.003528515618667844,48
low_vs_medium,ST011Q02TA,0.0051716500107314625,0.0031036349472383295,0.0036816941103910952,48.0,41.0,55.25,0.0,-0.0013042641764011622,49
low_vs_medium,missingindicator_ST012Q01TA,0.004827047415635601,0.0004943980384997944,0.0033249336725994327,49.0,43.0,54.0,0.0,-0.0008298160124585191,50
low_vs_medium,missingindicator_ST012Q07NA,0.004661550197404384,0.0031610428659807873,0.004132109691023913,50.0,43.5,55.25,0.0,0.0025336862699423595,51
low_vs_medium,missingindicator_ST011Q06TA,0.0044734123668139615,0.001581387752014516,0.0034872102309602415,49.0,46.0,55.0,0.0,-0.0003127164423290748,52
low_vs_medium,missingindicator_ST011Q04TA,0.004223042066240776,0.0029920682227033936,0.004307164890169189,52.0,47.0,56.5,0.0,0.0014144579311370661,53
low_vs_medium,missingindicator_ST011Q02TA,0.0037412458993628175,0.0018432142253550202,0.0033188392809447597,52.0,46.0,56.5,0.0,0.0003708442429335482,54
low_vs_medium,missingindicator_ST012Q06NA,0.003722598362403344,0.0024683941207258512,0.004154644432799542,54.0,46.0,58.0,0.0,-0.002061482551900553,55
low_vs_medium,missingindicator_ST011Q01TA,0.0036977591902820866,0.0019229659202605633,0.0034001021210641057,52.0,43.0,58.0,0.0,0.0025052194861349014,56
low_vs_medium,missingindicator_ST011Q03TA,0.0035074481043781158,0.0022557657014778414,0.0038801828654520046,53.0,44.0,59.0,0.0,0.002919646633028495,57
low_vs_medium,ST011Q01TA,0.003402346584973091,0.0017971394760150344,0.0029458182163451295,54.0,46.5,56.5,0.0,0.0003750820573735384,58
low_vs_medium,missingindicator_ST012Q05NA,0.0030283817945684845,0.0018728348617426305,0.003016185825866212,55.0,50.0,57.0,0.0,0.001114552226564645,59
low_vs_medium,missingindicator_ST012Q08NA,0.0028821621192322913,0.0006940479491865725,0.0024252586391858683,55.0,49.5,57.0,0.0,-0.0002749255445973715,60
low_vs_medium,missingindicator_ST166Q01HA,0.0019142431846711806,0.0012676114343121892,0.0018973756192695783,57.0,50.0,60.0,0.0,0.00011521234656425609,61
medium_vs_high,ST166Q03HA,0.2947280666328239,0.037842524123013824,0.05010258369756838,1.0,1.0,1.0,1.0,0.04567293933555641,1
medium_vs_high,ST013Q01TA,0.2419961848349971,0.03725001870880931,0.048075991261774004,2.0,2.0,2.0,1.0,0.022036102483322155,2
medium_vs_high,ST004D01T,0.21825276343975042,0.033758222911236466,0.04285248810258962,3.0,3.0,3.0,1.0,-0.03448366130942055,3
medium_vs_high,ST166Q05HA,0.1296387500569189,0.025829579553611436,0.03464756896090885,4.0,4.0,5.0,0.7941176470588235,-0.03240563713125693,4
medium_vs_high,ST012Q01TA,0.10732340384521422,0.032290343746589165,0.03367617143307192,5.0,4.0,6.0,0.7058823529411765,-0.00021630126052166117,5
medium_vs_high,ST166Q02HA,0.09153809185397732,0.027648577676976458,0.030151718281067198,6.0,5.0,7.0,0.35294117647058826,-0.027374648241238513,6
medium_vs_high,ST012Q08NA,0.0741810455974812,0.022617509243644498,0.026299409816924267,7.0,6.0,10.0,0.08823529411764706,0.014106089052193668,7
medium_vs_high,ST012Q06NA,0.06138827592827112,0.010461225481606124,0.01666655631092281,9.0,8.0,10.0,0.0,0.02214819533814599,8
medium_vs_high,ST166Q04HA,0.0532180935128856,0.017073787648985893,0.02179051236961203,9.5,8.0,12.75,0.0,-0.004294959957628464,9
medium_vs_high,ST012Q03TA,0.04971704379801684,0.01836140375922097,0.021817060238751768,11.5,8.0,13.75,0.058823529411764705,-0.0083687779600243,10
medium_vs_high,ST166Q01HA,0.041996157545972516,0.019548126258731473,0.0220725909672408,12.5,9.0,14.75,0.0,-0.006169236823578907,11
medium_vs_high,ST011Q09TA,0.040621970290334514,0.016864993337858212,0.01822100029488966,11.5,10.0,15.0,0.0,-0.007944845105435725,12
medium_vs_high,ST012Q09NA,0.031324957006559934,0.013647926598551244,0.015637108203329253,14.5,12.0,19.0,0.0,0.016820093909323694,13
medium_vs_high,ST012Q02TA,0.030150702050684212,0.010090146042980804,0.013464380282840253,15.0,13.25,18.0,0.0,-0.021060177448730275,14
medium_vs_high,ST011Q04TA,0.02335268747026919,0.006564694569821863,0.011299266036123558,17.0,15.0,22.0,0.0,0.006334283311659645,15
medium_vs_high,ST019AQ01T,0.02217550979333103,0.009640421267702422,0.011715103267590246,17.5,15.0,24.75,0.0,0.00319167480512724,16
medium_vs_high,ST011Q08TA,0.02130924383146813,0.015982051954173456,0.019483887502137393,19.5,13.25,48.5,0.0,-0.0009586817729243218,17
medium_vs_high,ST011Q11TA,0.01727001150513454,0.012850997948652373,0.014847459608721003,20.5,15.25,37.25,0.0,-7.593453600548722e-06,18
medium_vs_high,ST011Q16NA,0.01660768255526099,0.01856902644934552,0.020959945394658046,27.5,18.75,47.875,0.0,0.00051406482025777,19
medium_vs_high,ST012Q07NA,0.016135006551433878,0.010731388989125125,0.01330401064119198,21.0,19.0,29.75,0.0,0.008128101219785045,20
medium_vs_high,missingindicator_ST019AQ01T,0.01602374217458223,0.015145682683262248,0.017331376816217544,21.5,18.0,48.0,0.0,0.012652554284182908,21
medium_vs_high,missingindicator_ST166Q04HA,0.012979570553306093,0.010528066952084986,0.01374617936144593,28.0,20.0,39.0,0.0,0.006338934766076724,22
medium_vs_high,missingindicator_ST011Q03TA,0.011237854714362875,0.009389588311167348,0.014473675271836635,30.5,22.25,46.5,0.0,0.006760312829325256,23
medium_vs_high,missingindicator_ST019BQ01T,0.010340655548620849,0.008996638697823502,0.010567776522613648,30.0,19.0,53.5,0.0,0.006371074409238736,24
medium_vs_high,missingindicator_ST166Q05HA,0.010265774042376587,0.013458613542967741,0.013481635591108949,39.0,22.25,50.375,0.0,0.005380926654808686,25
medium_vs_high,missingindicator_ST166Q03HA,0.009825383552904413,0.0039688799528359185,0.007900086921742567,27.0,23.0,40.75,0.0,0.004655820714960999,26
medium_vs_high,missingindicator_ST019CQ01T,0.009063906231056101,0.008242190384721784,0.010302556053650078,29.5,24.0,50.0,0.0,0.004764237369827195,27
medium_vs_high,ST019CQ01T,0.008666653099014501,0.008934242824366678,0.011576754351889046,32.5,24.25,50.0,0.0,0.0007037678967235559,28
medium_vs_high,ST011Q07TA,0.008388069033210563,0.008662349452965007,0.010533494173009132,38.0,25.0,48.375,0.0,-0.00032310659041095925,29
medium_vs_high,missingindicator_ST012Q03TA,0.007779058871111203,0.004261984901206833,0.0054313690441856214,31.0,27.0,35.5,0.0,0.003400612749858469,30
medium_vs_high,missingindicator_ST011Q07TA,0.00773913277783614,0.010734058847462891,0.011565994957878386,40.5,26.5,49.75,0.0,-0.006867151585814964,31
medium_vs_high,missingindicator_ST011Q02TA,0.007472686706920382,0.0057649549441103586,0.00866845545356163,34.5,25.25,51.5,0.0,0.0028295599492757827,32
medium_vs_high,missingindicator_ST011Q08TA,0.007063403268972725,0.003609297517380681,0.008814703258387988,39.0,26.0,48.125,0.0,0.005074602233431805,33
medium_vs_high,missingindicator_ST012Q09NA,0.00692059781060516,0.0048868462102708305,0.013026483583787395,40.5,30.5,49.75,0.0,0.0008794421539890775,34
medium_vs_high,ST012Q05NA,0.006865987828795514,0.006331058757578097,0.006602974853411932,35.0,28.25,41.0,0.0,-0.00048571007075244853,35
medium_vs_high,missingindicator_ST012Q01TA,0.0067679535744543055,0.008924143169495765,0.01224974760665526,41.0,32.5,51.0,0.0,-0.005762827446175702,36
medium_vs_high,missingindicator_ST012Q02TA,0.0065780305708429306,0.0038100544264757616,0.006275139645197523,34.5,23.5,44.25,0.0,0.001564968739566822,37
medium_vs_high,ST011Q05TA,0.006001913406082108,0.0051797135817087826,0.007742811200894412,39.0,26.25,51.625,0.0,-0.0015590762112828698,38
medium_vs_high,ST011Q10TA,0.005970949185128932,0.0061184183368682915,0.006485662342374341,34.5,29.0,46.75,0.0,0.0008501572510480457,39
medium_vs_high,missingindicator_ST011Q09TA,0.005748794573377265,0.0028092938453924345,0.006246269814248777,36.5,32.0,47.0,0.0,0.0008319393082250178,40
medium_vs_high,missingindicator_ST011Q05TA,0.005688858730488371,0.0036555264693120294,0.006617720015007344,40.5,31.0,50.0,0.0,0.00017208443055046648,41
medium_vs_high,ST019BQ01T,0.005450940601600399,0.0061778781132765,0.006602316495795711,39.0,26.25,50.75,0.0,-2.0654494129012558e-05,42
medium_vs_high,missingindicator_ST166Q02HA,0.005378764075634792,0.007405966914621973,0.009187913313149111,45.0,32.25,49.0,0.0,0.0007613629792489397,43
medium_vs_high,missingindicator_ST011Q11TA,0.005170914260494907,0.003573939349769558,0.006627100728153153,38.5,31.0,51.5,0.0,-0.0027575489556400054,44
medium_vs_high,missingindicator_ST012Q08NA,0.004995095012177225,0.006860367525163414,0.011464542934904174,48.75,39.25,54.0,0.0,0.0037521806053730463,45
medium_vs_high,ST011Q02TA,0.004900583097633034,0.004699560234527699,0.005885417831296057,39.5,31.0,49.0,0.0,-0.0001535778841007846,46
medium_vs_high,ST011Q03TA,0.004740650511476757,0.002620903270758474,0.004902446818064385,37.0,30.75,48.5,0.0,0.000376402994066988,47
medium_vs_high,missingindicator_ST011Q12TA,0.004716990975208329,0.0022043163168002657,0.0041843806011751345,37.5,30.0,48.375,0.0,0.0017342082554605348,48
medium_vs_high,ST011Q01TA,0.004600748726931268,0.007035911232853872,0.007401240626222928,47.0,36.0,50.0,0.0,-0.0015064715360711884,49
medium_vs_high,ST011Q12TA,0.004565608704533846,0.0030527536038592097,0.005112441278697899,39.5,32.0,49.75,0.0,0.0013397634143983174,50
medium_vs_high,missingindicator_ST011Q06TA,0.00426176824158419,0.004513903657274058,0.0060815307431402255,47.0,33.25,50.375,0.0,-0.0011704084998446053,51
medium_vs_high,missingindicator_ST013Q01TA,0.004129426936164549,0.002485719243479303,0.004928121861237683,41.0,34.25,48.375,0.0,0.001214295916092061,52
medium_vs_high,ST011Q06TA,0.0037166447827591737,0.0050633557566252185,0.005771594312966052,47.75,36.5,55.0,0.0,-0.00029965953759805795,53
medium_vs_high,missingindicator_ST011Q16NA,0.003455466963515777,0.004271573397712388,0.005655625256822159,47.5,38.0,54.25,0.0,0.0006947241924320852,54
medium_vs_high,missingindicator_ST011Q10TA,0.003086126597770751,0.0013743866603209078,0.0047734460922441695,47.75,38.5,55.875,0.0,-0.0017346512194755608,55
medium_vs_high,missingindicator_ST011Q04TA,0.003070753908300184,0.0014143759097771471,0.0030646043693386654,43.5,34.25,49.0,0.0,-0.0009793885018621665,56
medium_vs_high,missingindicator_ST012Q07NA,0.002785792153099472,0.0018377065316733494,0.003730367947648746,48.75,39.75,55.0,0.0,-0.0007383331803826274,57
medium_vs_high,missingindicator_ST011Q01TA,0.002700757417404909,0.002487568011530188,0.0034059222755928108,45.5,35.25,52.75,0.0,-0.00242652757620986,58
medium_vs_high,missingindicator_ST012Q05NA,0.0025210779802136594,0.0005902790029591235,0.002572339320282869,44.0,39.25,50.375,0.0,0.0012582257549085386,59
medium_vs_high,missingindicator_ST012Q06NA,0.002456705731646684,0.002625826733778106,0.004355969603849452,50.0,44.0,54.75,0.0,-0.0007732372933340737,60
medium_vs_high,missingindicator_ST166Q01HA,0.0005228274745946711,0.0005943477296058943,0.0013886606465862428,55.25,50.0,57.375,0.0,-3.20155727614591e-05,61
