task,pv,fold,auc,best_model,n_train,n_test
low_vs_high,1,0,0.8928797565526019,GradientBoosting,12185,3052
low_vs_medium,1,0,0.7410003745941897,GradientBoosting,21587,5390
medium_vs_high,1,0,0.6867542153526494,GradientBoosting,14143,3215
low_vs_high,2,0,0.8750346149973147,GradientBoosting,12119,3020
low_vs_medium,2,0,0.7564604334764298,GradientBoosting,21117,5656
medium_vs_high,2,0,0.6767117703319274,GradientBoosting,14335,3325
low_vs_high,3,0,0.8789735787755701,GradientBoosting,12091,3000
low_vs_medium,3,0,0.7499174567842188,GradientBoosting,21289,5602
medium_vs_high,3,0,0.703235990756788,GradientBoosting,14013,3577
low_vs_high,4,0,0.8805129049409338,GradientBoosting,12088,3156
low_vs_medium,4,0,0.7655111374051536,GradientBoosting,21647,5232
medium_vs_high,4,0,0.7166565111420613,GradientBoosting,14017,3432
low_vs_high,5,0,0.8919954174138274,GradientBoosting,12253,2894
low_vs_medium,5,0,0.7545420095763775,GradientBoosting,21425,5586
medium_vs_high,5,0,0.6951928176867052,GradientBoosting,14011,3403
low_vs_high,6,0,0.8802664897187138,GradientBoosting,12266,2968
low_vs_medium,6,0,0.7476886414506178,GradientBoosting,21494,5393
medium_vs_high,6,0,0.6748314804725918,RandomForest,14081,3370
low_vs_high,7,0,0.8867845521717509,GradientBoosting,12375,3044
low_vs_medium,7,0,0.7398408526546363,GradientBoosting,21444,5310
medium_vs_high,7,0,0.6901466522224198,GradientBoosting,14112,3287
low_vs_high,1,1,0.8743405740554673,GradientBoosting,12500,2737
low_vs_medium,1,1,0.7550516372411693,GradientBoosting,21493,5484
medium_vs_high,1,1,0.7027073866048509,GradientBoosting,13767,3591
low_vs_high,2,1,0.8910226217254844,GradientBoosting,12212,2927
low_vs_medium,2,1,0.7558437807208098,GradientBoosting,21514,5259
medium_vs_high,2,1,0.6957150777360983,GradientBoosting,14223,3437
low_vs_high,3,1,0.8904423284225657,GradientBoosting,12096,2995
low_vs_medium,3,1,0.7480281636819746,GradientBoosting,21387,5504
medium_vs_high,3,1,0.7076207382286576,GradientBoosting,14162,3428
low_vs_high,4,1,0.8828153538293616,GradientBoosting,12279,2965
low_vs_medium,4,1,0.7565255745219858,GradientBoosting,21799,5080
medium_vs_high,4,1,0.7069704642509902,GradientBoosting,14117,3332
low_vs_high,5,1,0.9018231506439054,GradientBoosting,12318,2829
low_vs_medium,5,1,0.7505851101835614,GradientBoosting,21664,5347
medium_vs_high,5,1,0.6827441722529062,GradientBoosting,14066,3348
low_vs_high,6,1,0.8889989858497095,GradientBoosting,11995,3239
low_vs_medium,6,1,0.750183118146735,GradientBoosting,21536,5351
medium_vs_high,6,1,0.69368626580608,GradientBoosting,13948,3503
low_vs_high,7,1,0.8816063476716839,GradientBoosting,12439,2980
low_vs_medium,7,1,0.7474335760869468,GradientBoosting,21549,5205
medium_vs_high,7,1,0.7038368232510177,GradientBoosting,14169,3230
low_vs_high,1,2,0.8736349552274209,GradientBoosting,12154,3083
low_vs_medium,1,2,0.7452626561682281,GradientBoosting,21754,5223
medium_vs_high,1,2,0.701221630214006,GradientBoosting,13829,3529
low_vs_high,2,2,0.8867634186879797,GradientBoosting,12013,3126
low_vs_medium,2,2,0.7663047964090154,GradientBoosting,21516,5257
medium_vs_high,2,2,0.69704444458572,GradientBoosting,14085,3575
low_vs_high,3,2,0.8914119454944032,GradientBoosting,12062,3029
low_vs_medium,3,2,0.7563329962712324,GradientBoosting,21578,5313
medium_vs_high,3,2,0.7120937628024743,GradientBoosting,14099,3491
low_vs_high,4,2,0.8876607905572883,GradientBoosting,12284,2960
low_vs_medium,4,2,0.7582760580861614,GradientBoosting,21232,5647
medium_vs_high,4,2,0.6716322341981392,GradientBoosting,14020,3429
low_vs_high,5,2,0.8905527786735462,GradientBoosting,11957,3190
low_vs_medium,5,2,0.7574496498112926,GradientBoosting,21833,5178
medium_vs_high,5,2,0.7183667909184983,GradientBoosting,13935,3479
low_vs_high,6,2,0.8776832215797997,GradientBoosting,12272,2962
low_vs_medium,6,2,0.7561075249335543,GradientBoosting,21390,5497
medium_vs_high,6,2,0.6668313354405635,GradientBoosting,14108,3343
low_vs_high,7,2,0.8742212320245364,GradientBoosting,12098,3321
low_vs_medium,7,2,0.7529943695336911,GradientBoosting,21319,5435
medium_vs_high,7,2,0.6968943984124888,GradientBoosting,13846,3553
low_vs_high,1,3,0.87907092216189,GradientBoosting,12043,3194
low_vs_medium,1,3,0.7554463091482649,GradientBoosting,21316,5661
medium_vs_high,1,3,0.7052864828836151,GradientBoosting,13890,3468
low_vs_high,2,3,0.8794963704686302,GradientBoosting,12152,2987
low_vs_medium,2,3,0.746646000436048,GradientBoosting,21316,5457
medium_vs_high,2,3,0.6947838543247346,GradientBoosting,13876,3784
low_vs_high,3,3,0.8784618731928794,GradientBoosting,11967,3124
low_vs_medium,3,3,0.7620082038536025,GradientBoosting,21525,5366
medium_vs_high,3,3,0.700474462758617,GradientBoosting,14149,3441
low_vs_high,4,3,0.8983834530152821,GradientBoosting,12200,3044
low_vs_medium,4,3,0.7615162070735868,GradientBoosting,21327,5552
medium_vs_high,4,3,0.7039864611195092,GradientBoosting,13887,3562
low_vs_high,5,3,0.8807537585470545,GradientBoosting,12049,3098
low_vs_medium,5,3,0.7598695400063936,GradientBoosting,21614,5397
medium_vs_high,5,3,0.711385710276877,GradientBoosting,13852,3562
low_vs_high,6,3,0.865304049580403,GradientBoosting,12275,2959
low_vs_medium,6,3,0.7521343313723583,GradientBoosting,21366,5521
medium_vs_high,6,3,0.6876913119350039,GradientBoosting,13962,3489
low_vs_high,7,3,0.8965596894523652,GradientBoosting,12465,2954
low_vs_medium,7,3,0.7654202683748734,GradientBoosting,21397,5357
medium_vs_high,7,3,0.6967330591640357,GradientBoosting,13665,3734
low_vs_high,1,4,0.9013966692549056,GradientBoosting,12066,3171
low_vs_medium,1,4,0.7489489900406293,GradientBoosting,21758,5219
medium_vs_high,1,4,0.7021426640991858,GradientBoosting,13803,3555
low_vs_high,2,4,0.8821789193176078,GradientBoosting,12060,3079
low_vs_medium,2,4,0.7493884401367213,GradientBoosting,21629,5144
medium_vs_high,2,4,0.6993576782321697,GradientBoosting,14121,3539
low_vs_high,3,4,0.8975988040736242,GradientBoosting,12148,2943
low_vs_medium,3,4,0.7469497069210667,GradientBoosting,21785,5106
medium_vs_high,3,4,0.6853171740073406,GradientBoosting,13937,3653
low_vs_high,4,4,0.890457602022602,GradientBoosting,12125,3119
low_vs_medium,4,4,0.7455379776484533,GradientBoosting,21511,5368
medium_vs_high,4,4,0.693745986708753,GradientBoosting,13755,3694
low_vs_high,5,4,0.8861374393240611,GradientBoosting,12011,3136
low_vs_medium,5,4,0.7478929613203065,GradientBoosting,21508,5503
medium_vs_high,5,4,0.6944072785656944,GradientBoosting,13792,3622
low_vs_high,6,4,0.8874040324316567,GradientBoosting,12128,3106
low_vs_medium,6,4,0.7543979596151618,GradientBoosting,21762,5125
medium_vs_high,6,4,0.6819694568206306,GradientBoosting,13705,3746
low_vs_high,7,4,0.8959905857578621,GradientBoosting,12299,3120
low_vs_medium,7,4,0.7347605325200995,GradientBoosting,21307,5447
