method,fold,n_seeds,nogueira_across_seeds,auc_mean,auc_sd_across_seeds,n_items_mean,n_items_min,n_items_max
bpso,0,6,0.3091469393472476,0.8638665533477664,0.00760946976807585,9.833333333333334,7,13
bpso,1,5,0.18303831939311432,0.8471587093527553,0.00837887777268256,10.6,7,15
bpso,2,5,0.35742223877817114,0.843664235308071,0.005604707001740359,11.8,9,15
bpso,3,6,0.3010170387003036,0.855793613919853,0.007187402132546975,11.166666666666666,8,13
bpso,4,5,0.31066176470588236,0.8753686403417456,0.005032283666007457,9.6,8,11
vlpso,0,6,0.6399345335515549,0.8571630674503931,0.008156310732695966,6.5,3,9
vlpso,1,6,0.44887544887544895,0.8396277377971136,0.018004340080895336,6.166666666666667,2,10
vlpso,2,6,0.4725925925925927,0.8340565636798515,0.008987735374166559,7.5,5,10
vlpso,3,6,0.5294517059921915,0.8520071027378879,0.008644467008281632,7.166666666666667,4,10
vlpso,4,5,0.5297805642633229,0.8643840154608494,0.015559248046252347,5.8,4,7
